,L_CHRONOBUS,D_CHRONOBUS_DESC,C_SECONDE28,D_H_ARR_REEL28_DESC,C_TYPE_VALIDATION,C_NUM_SUPPORT,L_LAT_ARRET,L_LON_ARRET,D_LAT_STOP_DESC,D_LON_STOP_DESC,S_VEHJOBID_IDJOURNALIER,stop_id,trip_exists
2,42448,46470,20780,24278,1ère montée,2872835B740DDAEC4D2B6432267B437FEF8E5BFA,45.666926,-73.572229,45.567594,-73.750522,2790970,"['42445', '42446', '42013', '42448', '42460', '42458', '42456', '42453', '42449', '45059', '42450', '45061', '45062', '42182', '42183', '42185', '42177', '42175', '42410', '42419', '42417', '42415', '42413', '42011', '42009', '42007', '42004', '42002', '42000', '41998', '41995', '41993', '41991', '41989', '41987', '42139', '42137', '42135', '42133', '42131', '42128', '42126', '42124', '42122', '42120', '42117', '42115', '42113', '42111', '42109', '42106', '42104', '42102', '41394', '41392', '41389', '41387', '41385', '41383', '41381', '41378', '41376', '41374', '41371', '41368', '41366', '41364', '41362', '41358', '41356', '41354', '41352', '41349', '41347', '41345', '41343', '41340', '41337', '41335', '41333', '41328', '41326', '41324', '41322', '41391', '41370', '41351', '43510', '43506', '43343', '43146', '41957', '41952', '42833', '42831', '42829', '41509', '45063', '41504', '41506', '43296']",False
